Username,Password
Tulasi,tulasi1
Pavani,pavani1
Santhoshi,santhoshi1
Sumalatha,sumalatha
Suresh,suresh1
Bhavana,bhavana1
Pallavi ,pallavi1
Anthony,anthony1
Manikanta,manikanta1
